<?xml version="1.0" encoding="UTF-8" standalone="yes"?>
<addon id="plugin.program.kechawizard" name="KechaYeah's Wizard" version="1.0.0" provider-name="KechaYeah">
  <requires>
    <import addon="xbmc.python" version="2.1.0"/>
  </requires>
  <extension point="xbmc.python.pluginsource" library="default.py">
        <provides>executable</provides>
  </extension>
  <extension point="xbmc.addon.metadata">
    <summary lang="en">KechaYeah's Wizard</summary>
    <description lang="en">This wizard will download and install the build!</description>
	<website>https://kechablog.ml</website>
    <platform>all</platform>
  </extension>
</addon>
