<?xml version="1.0" encoding="UTF-8" standalone="yes"?>
<addon id="repository.kehayeah" name="KehaYeah Repository" version="1.1.0" provider-name="KehaYeah">
    <extension point="xbmc.addon.repository" name="KehaYeah Repository">
		<info compressed="false">https://git.vkechagias.eu/kehayeah/kehawizard/raw/branch/main/addons.xml</info>
		<checksum>https://git.vkechagias.eu/kehayeah/kehawizard/raw/branch/main/addons.xml.md5</checksum>
		<datadir zip="true">https://git.vkechagias.eu/kehayeah/kehawizard/raw/branch/main/_zips/</datadir>
		<hashes>false</hashes>
		<dir>
			<info compressed="false">https://raw.githubusercontent.com/jsergio123/zips/master/addons.xml</info>
			<checksum>https://raw.githubusercontent.com/jsergio123/zips/master/addons.xml.md5</checksum>
			<datadir zip="true">https://raw.githubusercontent.com/jsergio123/zips/master/</datadir>
		</dir>
		<dir>
                <info compressed="false">https://raw.githubusercontent.com/Twilight0/repo.twilight0/master/_zips/addons.xml</info>
                <checksum>https://raw.githubusercontent.com/Twilight0/repo.twilight0/master/_zips/addons.xml.md5</checksum>
                <datadir zip="true">https://raw.githubusercontent.com/Twilight0/repo.twilight0/master/_zips/</datadir>
        </dir>
        <dir>
            <info compressed="false">https://raw.githubusercontent.com/Twilight0/repo.twilight0.libs/master/_zips/addons.xml</info>
            <checksum>https://raw.githubusercontent.com/Twilight0/repo.twilight0.libs/master/_zips/addons.xml.md5</checksum>
            <datadir zip="true">https://raw.githubusercontent.com/Twilight0/repo.twilight0.libs/master/_zips/</datadir>
        </dir>
		<dir>
            <info compressed="false">https://raw.githubusercontent.com/teamuniversal/scrapers/master/_modules4all/zips/addons.xml</info>
            <checksum>https://raw.githubusercontent.com/teamuniversal/scrapers/master/_modules4all/zips/addons.xml.md5</checksum>
            <datadir zip="true">https://raw.githubusercontent.com/teamuniversal/scrapers/master/_modules4all/zips/</datadir>
            <hashes>false</hashes>
        </dir>
		</extension>
    <extension point="xbmc.addon.metadata">
        <summary>KehaYeah repository</summary>
        <description>A small collection of addons and repos!</description>
        <platform>all</platform>
    </extension>
</addon>
