<?xml version="1.0" encoding="UTF-8" standalone="yes"?>
<addon id="plugin.program.kehawizard" name="KehaYeah's Wizard" version="1.0.2" provider-name="KehaYeah">
  <requires>
    <import addon="xbmc.python" version="3.0.0"/>
  </requires>
  <extension point="xbmc.python.pluginsource" library="default.py">
        <provides>executable</provides>
  </extension>
  <extension point="xbmc.addon.metadata">
    <summary lang="en">KehaYeah's Wizard</summary>
    <description lang="en">This wizard will download and install the build!</description>
	<website>https://vkechagias.eu</website>
    <platform>all</platform>
  </extension>
</addon>
